{"age_medians_by_title": {"0": 30.0, "1": 35.0, "2": 21.0, "3": 3.5, "4": 44.5}, "fare_median": 14.4542, "embarked_mode": "S", "final_columns": ["Pclass", "Age", "Fare", "Title", "FamilySize", "IsAlone", "Sex_male", "Embarked_Q", "Embarked_S", "Deck_B", "Deck_C", "Deck_D", "Deck_E", "Deck_F", "Deck_G", "Deck_T", "Deck_Unknown"], "title_mapping": {"Mr": 0, "Mrs": 1, "Miss": 2, "Master": 3, "Rare": 4}, "scaler_state": {"mean": [2.308641975308642, 29.387957351290684, 32.204207968574636, 1.904601571268238, 0.8047138047138047], "var": [0.6982305912347064, 175.69894420020128, 2466.665311685043, 2.600326749223121, 1.1986758720765458], "n_features_in": 5, "n_samples_seen": 891}}